shop,category,model,name,price,old_price,url
24hStore,phone,Apple Watch Giảm Đến 500 000đ,Apple Watch giảm đến 500.000đ,500000,,https://24hstore.vn/apple-watch
ShopDunk,tablet,Apple iPad 11,iPad (A16) 11 inch Wi-Fi,11790000,12390000,https://shopdunk.com/ipad-a16-11-inch-wi-fi
Minh Tuấn Mobile,tablet,Apple iPad 128GB,iPad (A16) Wifi 128GB - Chính hãng VN,12090000,12790000,https://minhtuanmobile.com/ipad-a16-11-inch/
Minh Tuấn Mobile,tablet,Apple iPad 128GB,iPad (A16) 5G 128GB - Chính hãng VN,15990000,16990000,https://minhtuanmobile.com/ipad-a16-5g-128gb-chinh-hang-vn/
Minh Tuấn Mobile,tablet,Apple iPad 256GB,iPad (A16) Wifi 256GB - Chính hãng VN,14690000,15590000,https://minhtuanmobile.com/ipad-a16-wifi-256gb-chinh-hang-vn/
Minh Tuấn Mobile,tablet,Apple iPad 256GB,iPad (A16) 5G 256GB - Chính hãng VN,19190000,19790000,https://minhtuanmobile.com/ipad-a16-5g-256gb-chinh-hang-vn/
Minh Tuấn Mobile,tablet,Apple iPad 512GB,iPad (A16) Wifi 512GB - Chính hãng VN,20990000,21190000,https://minhtuanmobile.com/ipad-a16-wifi-512gb-chinh-hang-vn/
Minh Tuấn Mobile,tablet,Apple iPad 512GB,iPad (A16) 5G 512GB - Chính hãng VN,24990000,25390000,https://minhtuanmobile.com/ipad-a16-5g-512gb-chinh-hang-vn/
MediaMart,tablet,Apple iPad A16 128G,Apple iPad A16 WiFi 128G Pink,11990000,,https://mediamart.vn/may-tinh-bang#27421
MediaMart,tablet,Apple iPad A16 128G,Apple iPad A16 WiFi 128G Blue,11990000,,https://mediamart.vn/may-tinh-bang#27419
MediaMart,tablet,Apple iPad A16 128G,Apple iPad A16 WiFi 128G Silver,11990000,,https://mediamart.vn/may-tinh-bang#27418
MediaMart,tablet,Apple iPad A16 128G Blue 11 990 000 13 790 000 13 128GB,Apple iPad A16 WiFi 128G Blue 128 GB 11.990.000 ₫ 13.790.000 ₫ -13%,11990000,13790000,https://mediamart.vn/may-tinh-bang/apple-ipad-gen-11-a16-11-128g-wifi-blue
MediaMart,tablet,Apple iPad A16 128G Pink 11 990 000 13 790 000 13 128GB,Apple iPad A16 WiFi 128G Pink 128 GB 11.990.000 ₫ 13.790.000 ₫ -13%,11990000,13790000,https://mediamart.vn/may-tinh-bang/apple-ipad-gen-11-a16-11-128g-wifi-pink
MediaMart,tablet,Apple iPad A16 128G Silver 11 990 000 13 790 000 13 128GB,Apple iPad A16 WiFi 128G Silver 128 GB 11.990.000 ₫ 13.790.000 ₫ -13%,11990000,13790000,https://mediamart.vn/may-tinh-bang/apple-ipad-gen-11-a16-11-128g-wifi-silver
CellphoneS,tablet,Apple iPad A16 2025 128GB,iPad A16 Wifi 128GB 2025 | Chính hãng Apple Việt Nam,12290000,12790000,https://cellphones.com.vn/ipad-a16-11-inch.html
CellphoneS,tablet,Apple iPad A16 2025 256GB,iPad A16 Wifi 256GB 2025 | Chính hãng Apple Việt Nam,14890000,15590000,https://cellphones.com.vn/ipad-a16-11-inch-256gb.html
MediaMart,tablet,Apple iPad A16 256G,Apple iPad A16 WiFi 256G Silver,15490000,,https://mediamart.vn/may-tinh-bang#27422
MediaMart,tablet,Apple iPad A16 256G Silver 15 490 000 16 590 000 6 256GB,Apple iPad A16 WiFi 256G Silver 256 GB 15.490.000 ₫ 16.590.000 ₫ -6%,15490000,16590000,https://mediamart.vn/may-tinh-bang/apple-ipad-gen-11-a16-11-256g-wifi-silver
ShopDunk,tablet,Apple iPad Air 11,iPad Air (M4) 11-inch Wi-Fi,18490000,20490000,https://shopdunk.com/ipad-air-m4-11-inch-wi-fi-v1
CellphoneS,tablet,Apple iPad Air 11 M3 2025 128GB,iPad Air 11 inch M3 Wifi 128GB 2025 | Chính hãng Apple Việt Nam,16990000,21490000,https://cellphones.com.vn/apple-ipad-air-m3.html
CellphoneS,tablet,Apple iPad Air 11 M4 2026 128GB,iPad Air 11 inch M4 Wifi 128GB 2026 | Chính hãng,19690000,20990000,https://cellphones.com.vn/apple-ipad-air-m4-11-inch-128gb-wifi.html
CellphoneS,tablet,Apple iPad Air 11 M4 2026 256GB,iPad Air 11 inch M4 Wifi 256GB 2026 | Chính hãng,21990000,23790000,https://cellphones.com.vn/apple-ipad-air-m4-11-inch-256gb-wifi.html
MediaMart,tablet,Apple iPad Air M4 11 128G,Apple iPad Air M4 11 WiFi 128G Tím,18990000,,https://mediamart.vn/may-tinh-bang#29439
MediaMart,tablet,Apple iPad Air M4 11 128G,Apple iPad Air M4 11 WiFi 128G Trắng Starlight,18990000,,https://mediamart.vn/may-tinh-bang#29438
MediaMart,tablet,Apple iPad Air M4 11 128G,Apple iPad Air M4 11 WiFi 128G Xanh,18990000,,https://mediamart.vn/may-tinh-bang#29437
MediaMart,tablet,Apple iPad Air M4 11 128G,Apple iPad Air M4 11 WiFi 128G Xám Grey,18990000,,https://mediamart.vn/may-tinh-bang#29436
MediaMart,tablet,Apple iPad Air M4 11 128G,Apple iPad Air M4 11 5G 128G Tím,24990000,,https://mediamart.vn/may-tinh-bang#29455
MediaMart,tablet,Apple iPad Air M4 11 128G,Apple iPad Air M4 11 5G 128G Trắng Starlight,24990000,,https://mediamart.vn/may-tinh-bang#29454
MediaMart,tablet,Apple iPad Air M4 11 128G,Apple iPad Air M4 11 5G 128G Xanh,24990000,,https://mediamart.vn/may-tinh-bang#29453
MediaMart,tablet,Apple iPad Air M4 11 128G,Apple iPad Air M4 11 5G 128G Xám Grey,24990000,,https://mediamart.vn/may-tinh-bang#29452
MediaMart,tablet,Apple iPad Air M4 11 128G Trắng Starlight 18 990 000 21 990 000 13 128GB,"Apple iPad Air M4 11"" WiFi 128G Trắng Starlight 128 GB 18.990.000 ₫ 21.990.000 ₫ -13%",18990000,21990000,https://mediamart.vn/may-tinh-bang/apple-ipad-air-m4-11-wifi-128g-trang-starlight
MediaMart,tablet,Apple iPad Air M4 11 128G Trắng Starlight 24 990 000 25 990 000 3 128GB,"Apple iPad Air M4 11"" 5G 128G Trắng Starlight 128 GB 24.990.000 ₫ 25.990.000 ₫ -3%",24990000,25990000,https://mediamart.vn/may-tinh-bang/apple-ipad-air-m4-11-5g-128g-trang-starlight
MediaMart,tablet,Apple iPad Air M4 11 128G Tím 18 990 000 21 990 000 13 128GB,"Apple iPad Air M4 11"" WiFi 128G Tím 128 GB 18.990.000 ₫ 21.990.000 ₫ -13%",18990000,21990000,https://mediamart.vn/may-tinh-bang/apple-ipad-air-m4-11-wifi-128g-tim
MediaMart,tablet,Apple iPad Air M4 11 128G Tím 24 990 000 25 990 000 3 128GB,"Apple iPad Air M4 11"" 5G 128G Tím 128 GB 24.990.000 ₫ 25.990.000 ₫ -3%",24990000,25990000,https://mediamart.vn/may-tinh-bang/apple-ipad-air-m4-11-5g-128g-tim
MediaMart,tablet,Apple iPad Air M4 11 128G Xanh 18 990 000 21 990 000 13 128GB,"Apple iPad Air M4 11"" WiFi 128G Xanh 128 GB 18.990.000 ₫ 21.990.000 ₫ -13%",18990000,21990000,https://mediamart.vn/may-tinh-bang/apple-ipad-air-m4-11-wifi-128g-xanh
MediaMart,tablet,Apple iPad Air M4 11 128G Xanh 24 990 000 25 990 000 3 128GB,"Apple iPad Air M4 11"" 5G 128G Xanh 128 GB 24.990.000 ₫ 25.990.000 ₫ -3%",24990000,25990000,https://mediamart.vn/may-tinh-bang/apple-ipad-air-m4-11-5g-128g-xanh
MediaMart,tablet,Apple iPad Air M4 11 128G Xám Grey 18 990 000 21 990 000 13 128GB,"Apple iPad Air M4 11"" WiFi 128G Xám Grey 128 GB 18.990.000 ₫ 21.990.000 ₫ -13%",18990000,21990000,https://mediamart.vn/may-tinh-bang/apple-ipad-air-m4-11-wifi-128g-xam-grey
MediaMart,tablet,Apple iPad Air M4 11 128G Xám Grey 24 990 000 25 990 000 3 128GB,"Apple iPad Air M4 11"" 5G 128G Xám Grey 128 GB 24.990.000 ₫ 25.990.000 ₫ -3%",24990000,25990000,https://mediamart.vn/may-tinh-bang/apple-ipad-air-m4-11-5g-128g-xam-grey
Di Động Việt,tablet,Apple iPad Air M4 11 21 890 000 Đ 23 790 000 Đ 8 TỪ 01 08 256GB,iPad Air M4 11 inch Wi-Fi 256GB Chính Hãng 21.890.000 đ 23.790.000 đ -8% Từ 01.08 - 31.10 : Học sinh đổi điểm giảm thêm đến 1 triệu (xem chi tiết) Thu mua máy c,21890000,23790000,https://didongviet.vn/may-tinh-bang/ipad-air-m4-11-inch-256gb-wifi.html
MediaMart,tablet,Apple iPad Air M4 11 256G,Apple iPad Air M4 11 WiFi 256G Tím,23790000,,https://mediamart.vn/may-tinh-bang#29443
MediaMart,tablet,Apple iPad Air M4 11 256G,Apple iPad Air M4 11 WiFi 256G Trắng Starlight,23790000,,https://mediamart.vn/may-tinh-bang#29442
MediaMart,tablet,Apple iPad Air M4 11 256G,Apple iPad Air M4 11 WiFi 256G Xanh,23790000,,https://mediamart.vn/may-tinh-bang#29441
MediaMart,tablet,Apple iPad Air M4 11 256G,Apple iPad Air M4 11 WiFi 256G Xám Grey,23790000,,https://mediamart.vn/may-tinh-bang#29440
MediaMart,tablet,Apple iPad Air M4 11 256G,Apple iPad Air M4 11 5G 256G Tím,27990000,,https://mediamart.vn/may-tinh-bang#29459
MediaMart,tablet,Apple iPad Air M4 11 256G,Apple iPad Air M4 11 5G 256G Trắng Starlight,27990000,,https://mediamart.vn/may-tinh-bang#29458
MediaMart,tablet,Apple iPad Air M4 11 256G,Apple iPad Air M4 11 5G 256G Xanh,27990000,,https://mediamart.vn/may-tinh-bang#29457
MediaMart,tablet,Apple iPad Air M4 11 256G,Apple iPad Air M4 11 5G 256G Xám Grey,27990000,,https://mediamart.vn/may-tinh-bang#29456
MediaMart,tablet,Apple iPad Air M4 11 256G Trắng Starlight 23 790 000 24 790 000 4 256GB,"Apple iPad Air M4 11"" WiFi 256G Trắng Starlight 256 GB 23.790.000 ₫ 24.790.000 ₫ -4%",23790000,24790000,https://mediamart.vn/may-tinh-bang/apple-ipad-air-m4-11-wifi-256g-trang-starlight
MediaMart,tablet,Apple iPad Air M4 11 256G Trắng Starlight 27 990 000 28 990 000 3 256GB,"Apple iPad Air M4 11"" 5G 256G Trắng Starlight 256 GB 27.990.000 ₫ 28.990.000 ₫ -3%",27990000,28990000,https://mediamart.vn/may-tinh-bang/apple-ipad-air-m4-11-5g-256g-trang-starlight
MediaMart,tablet,Apple iPad Air M4 11 256G Tím 23 790 000 24 790 000 4 256GB,"Apple iPad Air M4 11"" WiFi 256G Tím 256 GB 23.790.000 ₫ 24.790.000 ₫ -4%",23790000,24790000,https://mediamart.vn/may-tinh-bang/apple-ipad-air-m4-11-wifi-256g-tim
MediaMart,tablet,Apple iPad Air M4 11 256G Tím 27 990 000 28 990 000 3 256GB,"Apple iPad Air M4 11"" 5G 256G Tím 256 GB 27.990.000 ₫ 28.990.000 ₫ -3%",27990000,28990000,https://mediamart.vn/may-tinh-bang/apple-ipad-air-m4-11-5g-256g-tim
MediaMart,tablet,Apple iPad Air M4 11 256G Xanh 23 790 000 24 790 000 4 256GB,"Apple iPad Air M4 11"" WiFi 256G Xanh 256 GB 23.790.000 ₫ 24.790.000 ₫ -4%",23790000,24790000,https://mediamart.vn/may-tinh-bang/apple-ipad-air-m4-11-wifi-256g-xanh
MediaMart,tablet,Apple iPad Air M4 11 256G Xanh 27 990 000 28 990 000 3 256GB,"Apple iPad Air M4 11"" 5G 256G Xanh 256 GB 27.990.000 ₫ 28.990.000 ₫ -3%",27990000,28990000,https://mediamart.vn/may-tinh-bang/apple-ipad-air-m4-11-5g-256g-xanh
MediaMart,tablet,Apple iPad Air M4 11 256G Xám Grey 23 790 000 24 790 000 4 256GB,"Apple iPad Air M4 11"" WiFi 256G Xám Grey 256 GB 23.790.000 ₫ 24.790.000 ₫ -4%",23790000,24790000,https://mediamart.vn/apple-ipad-air-m4-11-wifi-256g-xam-grey
MediaMart,tablet,Apple iPad Air M4 11 256G Xám Grey 27 990 000 28 990 000 3 256GB,"Apple iPad Air M4 11"" 5G 256G Xám Grey 256 GB 27.990.000 ₫ 28.990.000 ₫ -3%",27990000,28990000,https://mediamart.vn/may-tinh-bang/apple-ipad-air-m4-11-5g-256g-xam-grey
MediaMart,tablet,Apple iPad Air M4 11 512G,Apple iPad Air M4 11 WiFi 512G Tím,29390000,,https://mediamart.vn/may-tinh-bang#29447
MediaMart,tablet,Apple iPad Air M4 11 512G,Apple iPad Air M4 11 WiFi 512G Trắng Starlight,29390000,,https://mediamart.vn/may-tinh-bang#29446
MediaMart,tablet,Apple iPad Air M4 11 512G,Apple iPad Air M4 11 WiFi 512G Xanh,29390000,,https://mediamart.vn/may-tinh-bang#29445
MediaMart,tablet,Apple iPad Air M4 11 512G,Apple iPad Air M4 11 WiFi 512G Xám Grey,29390000,,https://mediamart.vn/may-tinh-bang#29444
MediaMart,tablet,Apple iPad Air M4 11 512G Trắng Starlight 29 390 000 30 390 000 3 512GB,"Apple iPad Air M4 11"" WiFi 512G Trắng Starlight 512 GB 29.390.000 ₫ 30.390.000 ₫ -3%",29390000,30390000,https://mediamart.vn/may-tinh-bang/apple-ipad-air-m4-11-wifi-512g-trang-starlight
MediaMart,tablet,Apple iPad Air M4 11 512G Tím 29 390 000 30 390 000 3 512GB,"Apple iPad Air M4 11"" WiFi 512G Tím 512 GB 29.390.000 ₫ 30.390.000 ₫ -3%",29390000,30390000,https://mediamart.vn/may-tinh-bang/apple-ipad-air-m4-11-wifi-512g-tim
MediaMart,tablet,Apple iPad Air M4 11 512G Xanh 29 390 000 30 390 000 3 512GB,"Apple iPad Air M4 11"" WiFi 512G Xanh 512 GB 29.390.000 ₫ 30.390.000 ₫ -3%",29390000,30390000,https://mediamart.vn/may-tinh-bang/apple-ipad-air-m4-11-wifi-512g-xanh
MediaMart,tablet,Apple iPad Air M4 11 512G Xám Grey 29 390 000 30 390 000 3 512GB,"Apple iPad Air M4 11"" WiFi 512G Xám Grey 512 GB 29.390.000 ₫ 30.390.000 ₫ -3%",29390000,30390000,https://mediamart.vn/may-tinh-bang/apple-ipad-air-m4-11-wifi-512g-xam-grey
MediaMart,tablet,Apple iPad Air M4 13 128G,Apple iPad Air M4 13 WiFi 128G Tím,26490000,,https://mediamart.vn/may-tinh-bang#29405
MediaMart,tablet,Apple iPad Air M4 13 128G,Apple iPad Air M4 13 WiFi 128G Trắng Starlight,26490000,,https://mediamart.vn/may-tinh-bang#29404
MediaMart,tablet,Apple iPad Air M4 13 128G,Apple iPad Air M4 13 WiFi 128G Xanh,26490000,,https://mediamart.vn/may-tinh-bang#29403
MediaMart,tablet,Apple iPad Air M4 13 128G,Apple iPad Air M4 13 WiFi 128G Xám Grey,26490000,,https://mediamart.vn/may-tinh-bang#29371
MediaMart,tablet,Apple iPad Air M4 13 128G,Apple iPad Air M4 13 5G 128G Tím,30690000,,https://mediamart.vn/may-tinh-bang#29422
MediaMart,tablet,Apple iPad Air M4 13 128G,Apple iPad Air M4 13 5G 128G Trắng Starlight,30690000,,https://mediamart.vn/may-tinh-bang#29421
MediaMart,tablet,Apple iPad Air M4 13 128G,Apple iPad Air M4 13 5G 128G Xanh,30690000,,https://mediamart.vn/may-tinh-bang#29420
MediaMart,tablet,Apple iPad Air M4 13 128G,Apple iPad Air M4 13 5G 128G Xám Grey,30690000,,https://mediamart.vn/may-tinh-bang#29419
MediaMart,tablet,Apple iPad Air M4 13 128G Trắng Starlight 26 490 000 27 490 000 3 128GB,"Apple iPad Air M4 13"" WiFi 128G Trắng Starlight 128 GB 26.490.000 ₫ 27.490.000 ₫ -3%",26490000,27490000,https://mediamart.vn/may-tinh-bang/apple-ipad-air-m4-13-wifi-128g-trang-starlight
MediaMart,tablet,Apple iPad Air M4 13 128G Trắng Starlight 30 690 000 31 690 000 3 128GB,"Apple iPad Air M4 13"" 5G 128G Trắng Starlight 128 GB 30.690.000 ₫ 31.690.000 ₫ -3%",30690000,31690000,https://mediamart.vn/may-tinh-bang/apple-ipad-air-m4-13-5g-128g-trang-starlight
MediaMart,tablet,Apple iPad Air M4 13 128G Tím 26 490 000 27 490 000 3 128GB,"Apple iPad Air M4 13"" WiFi 128G Tím 128 GB 26.490.000 ₫ 27.490.000 ₫ -3%",26490000,27490000,https://mediamart.vn/may-tinh-bang/apple-ipad-air-m4-13-wifi-128g-tim
MediaMart,tablet,Apple iPad Air M4 13 128G Tím 30 690 000 31 690 000 3 128GB,"Apple iPad Air M4 13"" 5G 128G Tím 128 GB 30.690.000 ₫ 31.690.000 ₫ -3%",30690000,31690000,https://mediamart.vn/may-tinh-bang/apple-ipad-air-m4-13-5g-128g-tim
MediaMart,tablet,Apple iPad Air M4 13 128G Xanh 26 490 000 27 490 000 3 128GB,"Apple iPad Air M4 13"" WiFi 128G Xanh 128 GB 26.490.000 ₫ 27.490.000 ₫ -3%",26490000,27490000,https://mediamart.vn/may-tinh-bang/apple-ipad-air-m4-13-wifi-128g-xanh
MediaMart,tablet,Apple iPad Air M4 13 128G Xanh 30 690 000 31 690 000 3 128GB,"Apple iPad Air M4 13"" 5G 128G Xanh 128 GB 30.690.000 ₫ 31.690.000 ₫ -3%",30690000,31690000,https://mediamart.vn/may-tinh-bang/apple-ipad-air-m4-13-5g-128g-xanh
MediaMart,tablet,Apple iPad Air M4 13 128G Xám Grey 26 490 000 27 490 000 3 128GB,"Apple iPad Air M4 13"" WiFi 128G Xám Grey 128 GB 26.490.000 ₫ 27.490.000 ₫ -3%",26490000,27490000,https://mediamart.vn/may-tinh-bang/apple-ipad-air-m4-13-wifi-128g-xam-grey
MediaMart,tablet,Apple iPad Air M4 13 128G Xám Grey 30 690 000 31 690 000 3 128GB,"Apple iPad Air M4 13"" 5G 128G Xám Grey 128 GB 30.690.000 ₫ 31.690.000 ₫ -3%",30690000,31690000,https://mediamart.vn/may-tinh-bang/apple-ipad-air-m4-13-5g-128g-xam-grey
MediaMart,tablet,Apple iPad Air M4 13 256G,Apple iPad Air M4 13 WiFi 256G Trắng Starlight,28990000,,https://mediamart.vn/may-tinh-bang#29409
MediaMart,tablet,Apple iPad Air M4 13 256G,Apple iPad Air M4 13 WiFi 256G Xanh,28990000,,https://mediamart.vn/may-tinh-bang#29408
MediaMart,tablet,Apple iPad Air M4 13 256G,Apple iPad Air M4 13 WiFi 256G Xám Grey,28990000,,https://mediamart.vn/may-tinh-bang#29407
MediaMart,tablet,Apple iPad Air M4 13 256G,Apple iPad Air M4 13 WiFi 256G Tím,28990000,,https://mediamart.vn/may-tinh-bang#29435
MediaMart,tablet,Apple iPad Air M4 13 256G Trắng Starlight 28 990 000 29 990 000 3 256GB,"Apple iPad Air M4 13"" WiFi 256G Trắng Starlight 256 GB 28.990.000 ₫ 29.990.000 ₫ -3%",28990000,29990000,https://mediamart.vn/may-tinh-bang/apple-ipad-air-m4-13-wifi-256g-trang-starlight
MediaMart,tablet,Apple iPad Air M4 13 256G Tím 28 990 000 29 990 000 3 256GB,"Apple iPad Air M4 13"" WiFi 256G Tím 256 GB 28.990.000 ₫ 29.990.000 ₫ -3%",28990000,29990000,https://mediamart.vn/may-tinh-bang/apple-ipad-air-m4-13-wifi-256g-tim
MediaMart,tablet,Apple iPad Air M4 13 256G Xanh 28 990 000 29 990 000 3 256GB,"Apple iPad Air M4 13"" WiFi 256G Xanh 256 GB 28.990.000 ₫ 29.990.000 ₫ -3%",28990000,29990000,https://mediamart.vn/may-tinh-bang/apple-ipad-air-m4-13-wifi-256g-xanh
MediaMart,tablet,Apple iPad Air M4 13 256G Xám Grey 28 990 000 29 990 000 3 256GB,"Apple iPad Air M4 13"" WiFi 256G Xám Grey 256 GB 28.990.000 ₫ 29.990.000 ₫ -3%",28990000,29990000,https://mediamart.vn/may-tinh-bang/apple-ipad-air-m4-13-wifi-256g-xam-grey
Minh Tuấn Mobile,tablet,Apple iPad Air M4 2026 11 128GB,iPad Air M4 2026 11 inch Wifi 128GB,19190000,20990000,https://minhtuanmobile.com/ipad-air-m4/
Minh Tuấn Mobile,tablet,Apple iPad Air M4 2026 11 128GB,iPad Air M4 2026 11 inch 5G 128GB,23390000,25190000,https://minhtuanmobile.com/ipad-air-m4-11-inch-5g/
Minh Tuấn Mobile,tablet,Apple iPad Air M4 2026 11 1TB,iPad Air M4 2026 11 inch Wifi 1TB,36290000,37790000,https://minhtuanmobile.com/ipad-air-m4-11-inch-1tb/
Minh Tuấn Mobile,tablet,Apple iPad Air M4 2026 11 256GB,iPad Air M4 2026 11 inch 5G 256GB,25490000,27990000,https://minhtuanmobile.com/ipad-air-m4-11-inch-5g-256gb/
Minh Tuấn Mobile,tablet,Apple iPad Air M4 2026 11 512GB,iPad Air M4 2026 11 inch Wifi 512GB,27290000,29390000,https://minhtuanmobile.com/ipad-air-m4-11-inch-512gb/
Minh Tuấn Mobile,tablet,Apple iPad Air M4 2026 11 512GB,iPad Air M4 2026 11 inch 5G 512GB,32290000,33590000,https://minhtuanmobile.com/ipad-air-m4-11-inch-5g-512gb/
Minh Tuấn Mobile,tablet,Apple iPad Air M4 2026 13 128GB,iPad Air M4 2026 13 inch Wifi 128GB,25190000,26490000,https://minhtuanmobile.com/ipad-air-m4-13-inch/
Minh Tuấn Mobile,tablet,Apple iPad Air M4 2026 13 128GB,iPad Air M4 2026 13 inch 5G 128GB,28990000,30690000,https://minhtuanmobile.com/ipad-air-m4-13-inch-5g/
Minh Tuấn Mobile,tablet,Apple iPad Air M4 2026 13 256GB,iPad Air M4 2026 13 inch Wifi 256GB,27290000,29290000,https://minhtuanmobile.com/ipad-air-m4-13-inch-256gb/
Minh Tuấn Mobile,tablet,Apple iPad Air M4 2026 13 256GB,iPad Air M4 2026 13 inch 5G 256GB,32290000,33490000,https://minhtuanmobile.com/ipad-air-m4-13-inch-5g-256gb/
Minh Tuấn Mobile,tablet,Apple iPad Air M4 2026 13 512GB,iPad Air M4 2026 13 inch Wifi 512GB,33190000,34890000,https://minhtuanmobile.com/ipad-air-m4-13-inch-512gb/
Minh Tuấn Mobile,tablet,Apple iPad Air M4 2026 13 512GB,iPad Air M4 2026 13 inch 5G 512GB,37790000,39090000,https://minhtuanmobile.com/ipad-air-m4-13-inch-5g-512gb/
Di Động Thông Minh,tablet,Apple iPad Gen 10 256GB,iPad Gen 10 256GB Wifi Chính hãng,10990000,15990000,https://didongthongminh.vn/ipad-gen-10-256gb-wifi-chinh-hang
Di Động Thông Minh,tablet,Apple iPad Gen 10 64GB,iPad Gen 10 64GB Wifi Chính hãng,8490000,12990000,https://didongthongminh.vn/ipad-gen-10-64gb-wifi-chinh-hang
Di Động Thông Minh,tablet,Apple iPad Gen 9 2021 Apple Việt Nam 64GB,iPad Gen 9 2021 64GB 4G+Wifi Chính hãng Apple Việt Nam,9590000,13990000,https://didongthongminh.vn/ipad-gen-9-64gb
Di Động Thông Minh,tablet,Apple iPad Gen 9 2021 Likenew 64GB,iPad Gen 9 2021 64GB 4G+ Wifi LikeNew,6190000,7890000,https://didongthongminh.vn/ipad-gen-9-cu-dep-64gb-4g-wifi
24hStore,tablet,Apple iPad Giảm Đến 500 000đ,iPad giảm đến 500.000đ,500000,,https://24hstore.vn/ipad
ShopDunk,tablet,Apple iPad Mini 128GB,iPad mini (A17 Pro) Wi-Fi 128GB,14490000,16190000,https://shopdunk.com/ipad-mini-7
Minh Tuấn Mobile,tablet,Apple iPad Mini 7 2024 128GB,iPad mini 7 2024 Wifi 128GB - Chính hãng VN,15790000,16490000,https://minhtuanmobile.com/ipad-mini-7/
CellphoneS,tablet,Apple iPad Mini 7 2024 128GB,iPad mini 7 2024 Wifi 128GB | Chính hãng Apple Việt Nam,16190000,16490000,https://cellphones.com.vn/ipad-mini-7.html
Minh Tuấn Mobile,tablet,Apple iPad Mini 7 2024 128GB,iPad mini 7 2024 5G 128GB - Chính hãng VN,18490000,20690000,https://minhtuanmobile.com/ipad-mini-7-2024-5g-128gb-chinh-hang-vn/
Minh Tuấn Mobile,tablet,Apple iPad Mini 7 2024 256GB,iPad mini 7 2024 Wifi 256GB - Chính hãng VN,18290000,19290000,https://minhtuanmobile.com/ipad-mini-7-wifi-256gb-chinh-hang-vn/
Minh Tuấn Mobile,tablet,Apple iPad Mini 7 2024 512GB,iPad mini 7 2024 Wifi 512GB - Chính hãng VN,23990000,24890000,https://minhtuanmobile.com/ipad-mini-7-2024-wifi-512gb-chinh-hang-vn/
Minh Tuấn Mobile,tablet,Apple iPad Mini 7 2024 512GB,iPad mini 7 2024 5G 512GB - Chính hãng VN,27290000,29090000,https://minhtuanmobile.com/ipad-mini-7-2024-5g-512gb-chinh-hang-vn/
CellphoneS,tablet,Apple iPad Pro Chip M5 11 256GB,iPad Pro chip M5 11 inch Wifi 256GB | Chính hãng Apple Việt Nam,34290000,35590000,https://cellphones.com.vn/ipad-pro-m5-11-inch-256gb.html
24hStore,tablet,Apple iPad Pro M4 11 2024 2TB,iPad Pro M4 11 inch 2024 Wifi 2TB | Chính...,55490000,55990000,https://24hstore.vn/ipad-pro-m4-2024-moi/ipad-pro-m4-11-inch-2024-wifi-2tb-p11179
24hStore,tablet,Apple iPad Pro M4 11 2024 Cellular 2TB,iPad Pro M4 11 inch 2024 Wifi Cellular 2TB |...,61490000,61990000,https://24hstore.vn/ipad-pro-m4-2024-moi/ipad-pro-m4-11-inch-2024-wifi-cellular-2tb-p11180
24hStore,tablet,Apple iPad Pro M4 11 2024 Cellular Mặt,iPad Pro M4 11 inch 2024 Wifi Cellular (mặt...,63090000,63590000,https://24hstore.vn/ipad-pro-m4-2024-moi/ipad-pro-m4-11-inch-2024-wifi-cellular-mat-kinh-nano-2tb-p11192
24hStore,tablet,Apple iPad Pro M4 11 2024 Mặt Kính,iPad Pro M4 11 inch 2024 Wifi (mặt kính...,58490000,58990000,https://24hstore.vn/ipad-pro-m4-2024-moi/ipad-pro-m4-11-inch-2024-wifi-mat-kinh-nano-2tb-p11191
24hStore,tablet,Apple iPad Pro M4 13 2024 2TB,iPad Pro M4 13 inch 2024 Wifi 2TB | Chính...,64490000,64990000,https://24hstore.vn/ipad-pro-m4-2024-moi/ipad-pro-m4-13-inch-2024-wifi-2tb-p11189
24hStore,tablet,Apple iPad Pro M4 13 2024 Cellular 1TB,iPad Pro M4 13 inch 2024 Wifi Cellular 1TB |...,59490000,59990000,https://24hstore.vn/ipad-pro-m4-2024-moi/ipad-pro-m4-13-inch-2024-wifi-cellular-1tb-p11169
24hStore,tablet,Apple iPad Pro M4 13 2024 Cellular 2TB,iPad Pro M4 13 inch 2024 Wifi Cellular 2TB |...,70490000,70990000,https://24hstore.vn/ipad-pro-m4-2024-moi/ipad-pro-m4-13-inch-2024-wifi-cellular-2tb-p11190
24hStore,tablet,Apple iPad Pro M4 13 2024 Cellular Mặt,iPad Pro M4 13 inch 2024 Wifi Cellular (mặt...,62490000,62990000,https://24hstore.vn/ipad-pro-m4-2024-moi/ipad-pro-m4-13-inch-2024-wifi-cellular-mat-kinh-nano-p9737
24hStore,tablet,Apple iPad Pro M4 13 2024 Cellular Mặt,iPad Pro M4 13 inch 2024 Wifi Cellular (mặt...,73490000,73990000,https://24hstore.vn/ipad-pro-m4-2024-moi/ipad-pro-m4-13-inch-2024-wifi-cellular-mat-kinh-nano-2tb-p11194
24hStore,tablet,Apple iPad Pro M4 13 2024 Mặt Kính,iPad Pro M4 13 inch 2024 Wifi (mặt kính...,56090000,56590000,https://24hstore.vn/ipad-pro-m4-2024-moi/ipad-pro-m4-13-inch-2024-wifi-mat-kinh-nano-p9735
24hStore,tablet,Apple iPad Pro M4 13 2024 Mặt Kính,iPad Pro M4 13 inch 2024 Wifi (mặt kính...,67490000,67990000,https://24hstore.vn/ipad-pro-m4-2024-moi/ipad-pro-m4-13-inch-2024-wifi-mat-kinh-nano-2tb-p11193
24hStore,tablet,Apple iPad Pro M5 11 2025 2TB,iPad Pro M5 11 inch 2025 Wifi 2TB | Chính...,61490000,64590000,https://24hstore.vn/ipad-pro-m5-2025/ipad-pro-m5-11-inch-2025-wifi-2tb-p11772
24hStore,tablet,Apple iPad Pro M5 11 2025 Cellular 1TB,iPad Pro M5 11 inch 2025 Wifi Cellular 1TB |...,53490000,54990000,https://24hstore.vn/ipad-pro-m5-2025/ipad-pro-m5-11-inch-2025-wifi-cellular-1tb-p11775
24hStore,tablet,Apple iPad Pro M5 11 2025 Cellular 2TB,iPad Pro M5 11 inch 2025 Wifi Cellular 2TB |...,66490000,67990000,https://24hstore.vn/ipad-pro-m5-2025/ipad-pro-m5-11-inch-2025-wifi-cellular-2tb-p11776
24hStore,tablet,Apple iPad Pro M5 11 2025 Cellular Mặt,iPad Pro M5 11 inch 2025 Wifi Cellular (mặt...,56490000,57990000,https://24hstore.vn/ipad-pro-m5-2025/ipad-pro-m5-11-inch-2025-wifi-cellular-mat-kinh-nano-1tb-p11787
24hStore,tablet,Apple iPad Pro M5 11 2025 Cellular Mặt,iPad Pro M5 11 inch 2025 Wifi Cellular (mặt...,69490000,70990000,https://24hstore.vn/ipad-pro-m5-2025/ipad-pro-m5-11-inch-2025-wifi-cellular-mat-kinh-nano-2tb-p11788
24hStore,tablet,Apple iPad Pro M5 11 2025 Mặt Kính,iPad Pro M5 11 inch 2025 Wifi (mặt kính...,64490000,69190000,https://24hstore.vn/ipad-pro-m5-2025/ipad-pro-m5-11-inch-2025-wifi-mat-kinh-nano-2tb-p11786
Minh Tuấn Mobile,tablet,Apple iPad Pro M5 11 256GB,iPad Pro M5 11 inch Wifi 256GB,33790000,35590000,https://minhtuanmobile.com/ipad-pro-m5/
ShopDunk,tablet,Apple iPad Pro M5 11 256GB,iPad Pro M5 11 inch Wi-Fi 256GB,33990000,34190000,https://shopdunk.com/ipad-pro-m5-11-inch-wi-fi
Minh Tuấn Mobile,tablet,Apple iPad Pro M5 11 256GB,iPad Pro M5 11 inch 5G 256GB,39190000,41190000,https://minhtuanmobile.com/ipad-pro-m5-11-inch-5g-256gb/
24hStore,tablet,Apple iPad Pro M5 13 2025 1TB,iPad Pro M5 13 inch 2025 Wifi 1TB | Chính...,57490000,61490000,https://24hstore.vn/ipad-pro-m5-2025/ipad-pro-m5-13-inch-2025-wifi-1tb-p11779
24hStore,tablet,Apple iPad Pro M5 13 2025 2TB,iPad Pro M5 13 inch 2025 Wifi 2TB | Chính...,70490000,75490000,https://24hstore.vn/ipad-pro-m5-2025/ipad-pro-m5-13-inch-2025-wifi-2tb-p11780
24hStore,tablet,Apple iPad Pro M5 13 2025 Cellular 1TB,iPad Pro M5 13 inch 2025 Wifi Cellular 1TB |...,63090000,63990000,https://24hstore.vn/ipad-pro-m5-2025/ipad-pro-m5-13-inch-2025-wifi-cellular-1tb-p11783
24hStore,tablet,Apple iPad Pro M5 13 2025 Cellular 2TB,iPad Pro M5 13 inch 2025 Wifi Cellular 2TB |...,76090000,76990000,https://24hstore.vn/ipad-pro-m5-2025/ipad-pro-m5-13-inch-2025-wifi-cellular-2tb-p11784
24hStore,tablet,Apple iPad Pro M5 13 2025 Cellular Mặt,iPad Pro M5 13 inch 2025 Wifi Cellular (mặt...,65490000,66990000,https://24hstore.vn/ipad-pro-m5-2025/ipad-pro-m5-13-inch-2025-wifi-cellular-mat-kinh-nano-1tb-p11791
24hStore,tablet,Apple iPad Pro M5 13 2025 Cellular Mặt,iPad Pro M5 13 inch 2025 Wifi Cellular (mặt...,78490000,79990000,https://24hstore.vn/ipad-pro-m5-2025/ipad-pro-m5-13-inch-2025-wifi-cellular-mat-kinh-nano-2tb-p11792
24hStore,tablet,Apple iPad Pro M5 13 2025 Mặt Kính,iPad Pro M5 13 inch 2025 Wifi (mặt kính...,60490000,65190000,https://24hstore.vn/ipad-pro-m5-2025/ipad-pro-m5-13-inch-2025-wifi-mat-kinh-nano-1tb-p11789
24hStore,tablet,Apple iPad Pro M5 13 2025 Mặt Kính,iPad Pro M5 13 inch 2025 Wifi (mặt kính...,70490000,78490000,https://24hstore.vn/ipad-pro-m5-2025/ipad-pro-m5-13-inch-2025-wifi-mat-kinh-nano-2tb-p11790
Minh Tuấn Mobile,phone,Apple iPhone 15 128GB,iPhone 15 128GB - Chính hãng VN/A,19990000,22990000,https://minhtuanmobile.com/iphone-15/
Minh Tuấn Mobile,phone,Apple iPhone 15 256GB,iPhone 15 256GB - Chính hãng VN/A,23990000,25990000,https://minhtuanmobile.com/iphone-15-256gb/
Minh Tuấn Mobile,phone,Apple iPhone 16 128GB,iPhone 16 128GB - Chính hãng VN/A,22990000,24990000,https://minhtuanmobile.com/iphone-16/
Minh Tuấn Mobile,phone,Apple iPhone 16 Plus 128GB,iPhone 16 Plus 128GB - Chính hãng VN/A,24490000,25990000,https://minhtuanmobile.com/iphone-16-plus/
Minh Tuấn Mobile,phone,Apple iPhone 16 Plus 256GB,iPhone 16 Plus 256GB - Chính hãng VN/A,27690000,28990000,https://minhtuanmobile.com/iphone-16-plus-256gb/
24hStore,phone,Apple iPhone 16 Pro 1TB,iPhone 16 Pro 1TB | Chính hãng VN/A,36890000,43990000,https://24hstore.vn/iphone-16-pro/iphone-16-pro-1tb-p10943
24hStore,phone,Apple iPhone 16 Pro Max 1TB,iPhone 16 Pro Max 1TB | Chính hãng VN/A,40790000,46990000,https://24hstore.vn/iphone-16-pro-max/iphone-16-pro-max-1tb-p10946
Hoàng Hà Mobile,phone,Apple iPhone 16E 128GB,iPhone 16e 128GB - Chính hãng VN/A,13328000,16990000,https://hoanghamobile.com/dien-thoai/iphone-16e-128gb
MediaMart,phone,Apple iPhone 16E 128GB,Apple iPhone 16e 128GB - Trắng,15990000,,https://mediamart.vn/smartphones#27194
MediaMart,phone,Apple iPhone 16E Nfc 15 990 000 17 990 000 11 128GB,Apple iPhone 16e 128GB 8 GB NFC 128 GB 15.990.000 ₫ 17.990.000 ₫ -11%,15990000,17990000,https://mediamart.vn/smartphones/apple-iphone-16e-128gb
MediaMart,phone,Apple iPhone 17 256GB,Apple iPhone 17 256GB (Tím Oải Hương),24990000,,https://mediamart.vn/smartphones#28207
Hoàng Hà Mobile,phone,Apple iPhone 17 256GB,iPhone 17 256GB - Chính hãng Apple Việt Nam,25184000,25490000,https://hoanghamobile.com/dien-thoai/iphone-17
Minh Tuấn Mobile,phone,Apple iPhone 17 256GB,iPhone 17 256GB - Chính hãng VN,25490000,28990000,https://minhtuanmobile.com/iphone-17/
MediaMart,phone,Apple iPhone 17 Nfc 24 990 000 25 990 000 3 256GB,Apple iPhone 17 256GB (Tím Oải Hương) NFC 256 GB 24.990.000 ₫ 25.990.000 ₫ -3%,24990000,25990000,https://mediamart.vn/smartphones/apple-iphone-17-256gb
24hStore,phone,Apple iPhone 17 Pro 1TB,iPhone 17 Pro 1TB | Chính hãng Việt Nam,41490000,47990000,https://24hstore.vn/iphone-17-pro/iphone-17-pro-1tb-p11590
Minh Tuấn Mobile,phone,Apple iPhone 17 Pro 1TB,iPhone 17 Pro 1TB - Chính hãng VN,43990000,47990000,https://minhtuanmobile.com/iphone-17-pro-1tb/
Minh Tuấn Mobile,phone,Apple iPhone 17 Pro 256GB,iPhone 17 Pro 256GB - Chính hãng VN,31790000,34990000,https://minhtuanmobile.com/iphone-17-pro/
Minh Tuấn Mobile,phone,Apple iPhone 17 Pro 512GB,iPhone 17 Pro 512GB - Chính hãng VN,37990000,41490000,https://minhtuanmobile.com/iphone-17-pro-512gb/
24hStore,phone,Apple iPhone 17 Pro Max 1TB,iPhone 17 Pro Max 1TB | Chính hãng Việt Nam,44490000,50990000,https://24hstore.vn/iphone-17-pro-max/iphone-17-pro-max-1tb-p11586
Minh Tuấn Mobile,phone,Apple iPhone 17 Pro Max 1TB,iPhone 17 Pro Max 1TB - Chính hãng VN,47490000,50990000,https://minhtuanmobile.com/iphone-17-pro-max-1tb/
MediaMart,phone,Apple iPhone 17 Pro Max 256GB,Apple iPhone 17 Pro Max 256GB (Cam Vũ Trụ),33490000,,https://mediamart.vn/smartphones#28216
ShopDunk,phone,Apple iPhone 17 Pro Max 256GB,iPhone 17 Pro Max 256GB,33790000,34490000,https://shopdunk.com/dien-thoai-iphone-17-pro-max-256gb
Minh Tuấn Mobile,phone,Apple iPhone 17 Pro Max 256GB,iPhone 17 Pro Max 256GB - Chính hãng VN,34690000,37990000,https://minhtuanmobile.com/iphone-17-pro-max/
24hStore,phone,Apple iPhone 17 Pro Max 2TB,iPhone 17 Pro Max 2TB | Chính hãng Việt Nam,56490000,63990000,https://24hstore.vn/iphone-17-pro-max/iphone-17-pro-max-2tb-p11587
Minh Tuấn Mobile,phone,Apple iPhone 17 Pro Max 2TB,iPhone 17 Pro Max 2TB - Chính hãng VN,59990000,63990000,https://minhtuanmobile.com/iphone-17-pro-max-2tb/
24hStore,phone,Apple iPhone 17 Pro Max 512GB,iPhone 17 Pro Max 512GB | Chính hãng Việt Nam,37990000,44490000,https://24hstore.vn/iphone-17-pro-max/iphone-17-pro-max-512gb-p11585
Minh Tuấn Mobile,phone,Apple iPhone 17 Pro Max 512GB,iPhone 17 Pro Max 512GB - Chính hãng VN,41490000,44490000,https://minhtuanmobile.com/iphone-17-pro-max-512gb/
MediaMart,phone,Apple iPhone 17 Pro Max Nfc 33 490 000 38 990 000 14 256GB,Apple iPhone 17 Pro Max 256GB (Cam Vũ Trụ) NFC 256 GB 33.490.000 ₫ 38.990.000 ₫ -14%,33490000,38990000,https://mediamart.vn/smartphones/apple-iphone-17-pro-max-256gb
Minh Tuấn Mobile,phone,Apple iPhone 17E 256GB,iPhone 17e 256GB,19990000,21990000,https://minhtuanmobile.com/iphone-17e/
24hStore,phone,Apple iPhone 18 Pro 1TB,iPhone 18 Pro 1TB | Chính hãng Việt Nam,55490000,58490000,https://24hstore.vn/iphone-18-pro/iphone-18-pro-1tb-p12564
Clickbuy,phone,Apple iPhone 18 Pro 256GB,iPhone 18 Pro 256GB,36750000,38999000,https://clickbuy.com.vn/iphone-18-pro.html
ShopDunk,phone,Apple iPhone 18 Pro 256GB,iPhone 18 Pro 256GB,38490000,38990000,https://shopdunk.com/dien-thoai-iphone-18-pro-256gb
Minh Tuấn Mobile,phone,Apple iPhone 18 Pro 256GB,iPhone 18 Pro 256GB - Chính hãng VN,38490000,38990000,https://minhtuanmobile.com/iphone-18-pro/
24hStore,phone,Apple iPhone 18 Pro 2TB,iPhone 18 Pro 2TB | Chính hãng Việt Nam,74990000,77990000,https://24hstore.vn/iphone-18-pro/iphone-18-pro-2tb-p12565
24hStore,phone,Apple iPhone 18 Pro 512GB,iPhone 18 Pro 512GB | Chính hãng Việt Nam,42490000,45490000,https://24hstore.vn/iphone-18-pro/iphone-18-pro-512gb-p12563
24hStore,phone,Apple iPhone 18 Pro Max 1TB,iPhone 18 Pro Max 1TB | Chính hãng Việt Nam,58990000,61490000,https://24hstore.vn/iphone-18-pro-max/iphone-18-pro-max-1tb-p12568
24hStore,phone,Apple iPhone 18 Pro Max 256GB,iPhone 18 Pro Max 256GB | Chính hãng Việt Nam,39490000,41990000,https://24hstore.vn/iphone-18-pro-max/iphone-18-pro-max-256gb-p12566
Clickbuy,phone,Apple iPhone 18 Pro Max 256GB,iPhone 18 Pro Max 256GB,40080000,41999000,https://clickbuy.com.vn/iphone-18-pro-max.html
ShopDunk,phone,Apple iPhone 18 Pro Max 256GB,iPhone 18 Pro Max 256GB,40990000,,https://shopdunk.com/dien-thoai-iphone-18-pro-max-256gb
24hStore,phone,Apple iPhone 18 Pro Max 2TB,iPhone 18 Pro Max 2TB | Chính hãng Việt Nam,78490000,80990000,https://24hstore.vn/iphone-18-pro-max/iphone-18-pro-max-2tb-p12569
Minh Tuấn Mobile,phone,Apple iPhone 18 Pro Max 2TB,iPhone 18 Pro Max 2TB - Chính hãng VN,80990000,,https://minhtuanmobile.com/iphone-18-pro-max-2tb/
24hStore,phone,Apple iPhone 18 Pro Max 512GB,iPhone 18 Pro Max 512GB | Chính hãng Việt Nam,45990000,48490000,https://24hstore.vn/iphone-18-pro-max/iphone-18-pro-max-512gb-p12567
Hoàng Hà Mobile,phone,Apple iPhone Air 1TB,iPhone Air 1TB - Chính hãng Apple Việt Nam,41091000,44990000,https://hoanghamobile.com/dien-thoai/iphone-air-1tb
24hStore,phone,Apple iPhone Air 1TB,iPhone Air 1TB | Chính hãng Việt Nam,42090000,54990000,https://24hstore.vn/iphone-air/iphone-air-1tb-p11595
MediaMart,phone,Apple iPhone Air 256GB,Apple iPhone Air 256GB (Vàng Nhạt),22990000,,https://mediamart.vn/smartphones#28343
Minh Tuấn Mobile,phone,Apple iPhone Air 256GB,iPhone Air 256GB - Chính hãng VN,23190000,34990000,https://minhtuanmobile.com/iphone-air-256gb/
Hoàng Hà Mobile,phone,Apple iPhone Air 512GB,iPhone Air 512GB - Chính hãng Apple Việt Nam,29136000,38490000,https://hoanghamobile.com/dien-thoai/iphone-air-512gb
MediaMart,phone,Apple iPhone Air Nfc 22 990 000 32 990 000 30 256GB,Apple iPhone Air 256GB (Vàng Nhạt) NFC 256 GB 22.990.000 ₫ 32.990.000 ₫ -30%,22990000,32990000,https://mediamart.vn/smartphones/apple-iphone-air-256gb-vang-nhat
24hStore,phone,Apple iPhone Duo 1TB,iPhone Duo 1TB | Chính hãng Việt Nam,84490000,,https://24hstore.vn/iphone-duo/iphone-duo-1tb-p12572
24hStore,phone,Apple iPhone Duo 256GB,iPhone Duo 256GB | Chính hãng Việt Nam,64990000,,https://24hstore.vn/iphone-duo/iphone-duo-256gb-p12570
ShopDunk,phone,Apple iPhone Duo 256GB,iPhone Duo 256GB,64990000,,https://shopdunk.com/dien-thoai-iphone-duo-256gb
24hStore,phone,Apple iPhone Duo 2TB,iPhone Duo 2TB | Chính hãng Việt Nam,103990000,,https://24hstore.vn/iphone-duo/iphone-duo-2tb-p12573
24hStore,phone,Apple iPhone Duo 512GB,iPhone Duo 512GB | Chính hãng Việt Nam,71490000,,https://24hstore.vn/iphone-duo/iphone-duo-512gb-p12571
CellphoneS,tablet,Giá RẺ,Máy tính bảng giá rẻ,1990000,,https://cellphones.com.vn/tablet.html
24hStore,phone,Home Paylater Giảm Đến 500 000đ,Home PayLater giảm đến 500.000đ,500000,,https://24hstore.vn/khuyen-mai/home-paylater-tra-gop-tien-loi-n9495
Minh Tuấn Mobile,tablet,Honor Pad X8B 128GB,HONOR Pad X8b Wifi 6GB 128GB,6490000,7490000,https://minhtuanmobile.com/honor-pad-x8b-wifi-6gb-128gb/
CellphoneS,tablet,Honor Pad X8B 128GB,Honor Pad X8b Wifi 6GB 128GB,7290000,7490000,https://cellphones.com.vn/may-tinh-bang-honor-pad-x8b.html
Minh Tuấn Mobile,phone,Honor X5C Plus 128GB,Điện thoại HONOR X5c Plus 4GB 128GB,3690000,3990000,https://minhtuanmobile.com/honor-x5c-plus-4gb-128gb/
Minh Tuấn Mobile,phone,Honor X5C Plus 64GB,Điện thoại HONOR X5c Plus 4GB 64GB,3390000,3690000,https://minhtuanmobile.com/honor-x5c-plus-4gb-64gb/
Minh Tuấn Mobile,phone,Honor X6C 128GB,Điện thoại HONOR X6c 6GB 128GB,3990000,4590000,https://minhtuanmobile.com/dien-thoai-honor-x6c-6gb-128gb/
Minh Tuấn Mobile,phone,Honor X8D 128GB,Điện thoại HONOR X8d 8GB 128GB,6790000,8090000,https://minhtuanmobile.com/honor-x8d-8gb-128gb/
Minh Tuấn Mobile,phone,Honor X9D 512GB,Điện thoại HONOR X9d 5G 12GB 512GB,10590000,12990000,https://minhtuanmobile.com/dien-thoai-honor-x9d-5g-12gb-512gb/
Hoàng Hà Mobile,phone,Hoặc 1 555 000 X 6T,"Hoặc 1,555,000 ₫ x 6T",13328000,16990000,https://hoanghamobile.com/tra-gop/dien-thoai/iphone-16e-128gb
Hoàng Hà Mobile,phone,Hoặc 11 987 000 X 6T,"Hoặc 11,987,000 ₫ x 6T",102742000,103990000,https://hoanghamobile.com/tra-gop/dien-thoai/iphone-duo-2tb
Hoàng Hà Mobile,phone,Hoặc 2 938 000 X 6T,"Hoặc 2,938,000 ₫ x 6T",25184000,25490000,https://hoanghamobile.com/tra-gop/dien-thoai/iphone-17
Hoàng Hà Mobile,phone,Hoặc 2 996 000 X 6T,"Hoặc 2,996,000 ₫ x 6T",25678000,33990000,https://hoanghamobile.com/tra-gop/dien-thoai/samsung-galaxy-s25-ultra
Hoàng Hà Mobile,phone,Hoặc 3 399 000 X 6T,"Hoặc 3,399,000 ₫ x 6T",29136000,38490000,https://hoanghamobile.com/tra-gop/dien-thoai/iphone-air-512gb
Hoàng Hà Mobile,phone,Hoặc 4 437 000 X 6T,"Hoặc 4,437,000 ₫ x 6T",38028000,46990000,https://hoanghamobile.com/tra-gop/dien-thoai/samsung-galaxy-z-fold7
Hoàng Hà Mobile,phone,Hoặc 4 437 000 X 6T,"Hoặc 4,437,000 ₫ x 6T",38028000,38490000,https://hoanghamobile.com/tra-gop/dien-thoai/iphone-18-pro
Hoàng Hà Mobile,phone,Hoặc 4 794 000 X 6T,"Hoặc 4,794,000 ₫ x 6T",41091000,44990000,https://hoanghamobile.com/tra-gop/dien-thoai/iphone-air-1tb
Hoàng Hà Mobile,phone,Hoặc 4 840 000 X 6T,"Hoặc 4,840,000 ₫ x 6T",41486000,41990000,https://hoanghamobile.com/tra-gop/dien-thoai/iphone-18-pro-max
Hoàng Hà Mobile,phone,Hoặc 5 186 000 X 6T,"Hoặc 5,186,000 ₫ x 6T",44450000,44990000,https://hoanghamobile.com/tra-gop/dien-thoai/iphone-18-pro-512gb
Hoàng Hà Mobile,phone,Hoặc 5 589 000 X 6T,"Hoặc 5,589,000 ₫ x 6T",47908000,48490000,https://hoanghamobile.com/tra-gop/dien-thoai/iphone-18-pro-max-512gb
Hoàng Hà Mobile,phone,Hoặc 6 684 000 X 6T,"Hoặc 6,684,000 ₫ x 6T",57294000,57990000,https://hoanghamobile.com/tra-gop/dien-thoai/iphone-18-pro-1tb
Hoàng Hà Mobile,phone,Hoặc 7 088 000 X 6T,"Hoặc 7,088,000 ₫ x 6T",60752000,61490000,https://hoanghamobile.com/tra-gop/dien-thoai/iphone-18-pro-max-1tb
Hoàng Hà Mobile,phone,Hoặc 7 491 000 X 6T,"Hoặc 7,491,000 ₫ x 6T",64210000,64990000,https://hoanghamobile.com/tra-gop/dien-thoai/iphone-duo
Hoàng Hà Mobile,phone,Hoặc 8 240 000 X 6T,"Hoặc 8,240,000 ₫ x 6T",70632000,71490000,https://hoanghamobile.com/tra-gop/dien-thoai/iphone-duo-512gb
Hoàng Hà Mobile,phone,Hoặc 8 944 000 X 6T,"Hoặc 8,944,000 ₫ x 6T",76659000,77590000,https://hoanghamobile.com/tra-gop/dien-thoai/iphone-18-pro-2tb
Hoàng Hà Mobile,phone,Hoặc 9 335 000 X 6T,"Hoặc 9,335,000 ₫ x 6T",80018000,80990000,https://hoanghamobile.com/tra-gop/dien-thoai/iphone-18-pro-max-2tb
Hoàng Hà Mobile,phone,Hoặc 9 739 000 X 6T,"Hoặc 9,739,000 ₫ x 6T",83476000,84490000,https://hoanghamobile.com/tra-gop/dien-thoai/iphone-duo-1tb
CellphoneS,tablet,Lenovo Legion Tab Gen 5 256GB,Lenovo Legion Tab Gen 5 12GB 256GB,23490000,23990000,https://cellphones.com.vn/may-tinh-bang-lenovo-legion-tab-gen-5-12gb-256gb-zah20030vn.html
24hStore,phone,Macbook Giảm Đến 1 000 000đ,MacBook giảm đến 1.000.000đ,1000000,,https://24hstore.vn/macbook
MediaMart,phone,Masstel S7 Màu 128GB,Điện thoại Masstel S7 4GB+128GB màu vàng (Gold),2190000,,https://mediamart.vn/smartphones#27685
MediaMart,phone,Masstel S7 Màu 128GB,Điện thoại Masstel S7 4GB+128GB màu xanh (Blue),2190000,,https://mediamart.vn/smartphones#27680
MediaMart,phone,Masstel S7 Màu Vàng 2 190 000 2 500 000 12 128GB,Masstel S7 4GB+128GB màu vàng (Gold) 128 GB 2.190.000 ₫ 2.500.000 ₫ -12%,2190000,2500000,https://mediamart.vn/smartphones/dien-thoai-masstel-s7-4gb-128gb-gold
MediaMart,phone,Masstel S7 Màu Xanh 2 190 000 2 500 000 12 128GB,Masstel S7 4GB+128GB màu xanh (Blue) 128 GB 2.190.000 ₫ 2.500.000 ₫ -12%,2190000,2500000,https://mediamart.vn/smartphones/dien-thoai-masstel-s7-4gb-128gb-blue
CellphoneS,tablet,Máy Đọc Sách Boox Savi 6S,Máy đọc sách Boox Savi 6S,3390000,3990000,https://cellphones.com.vn/may-doc-sach-boox-savi-6s.html
Minh Tuấn Mobile,phone,Nokia 105 Pro,Nokia 105 4G Pro,710000,750000,https://minhtuanmobile.com/nokia-105-4g-pro/
Minh Tuấn Mobile,phone,Nokia 110 Pro,Nokia 110 4G Pro,790000,820000,https://minhtuanmobile.com/nokia-110-4g-pro/
Minh Tuấn Mobile,phone,Nokia 220,Nokia 220 4G,950000,1000000,https://minhtuanmobile.com/nokia-220-4g/
Minh Tuấn Mobile,phone,Nokia 3210,Nokia 3210 4G,1390000,1590000,https://minhtuanmobile.com/nokia-3210-4g/
Minh Tuấn Mobile,phone,Nokia Hmd 105,Nokia HMD 105 4G,690000,850000,https://minhtuanmobile.com/nokia-hmd-105-4g/
MediaMart,phone,Oppo A3 128GB,Điện thoại di động OPPO A3 (6GB+128GB) - Tím ánh sao,4290000,,https://mediamart.vn/smartphones#25903
MediaMart,phone,Oppo A3 128GB,Điện thoại di động OPPO A3 (6GB+128GB) - Tím ánh sao 6 GB 128 GB 4.290.000 ₫ 5.490.000 ₫ -21%,4290000,5490000,https://mediamart.vn/smartphones/dien-thoai-di-dong-oppo-a3-6gb-128gb-tim-anh-sao
Minh Tuấn Mobile,phone,Oppo A6C 128GB,OPPO A6c 4GB 128GB,5190000,5690000,https://minhtuanmobile.com/oppo-a6c-4gb-128gb/
Minh Tuấn Mobile,phone,Oppo A6C 64GB,OPPO A6c 4GB 64GB,4290000,4690000,https://minhtuanmobile.com/oppo-a6c-4gb-64gb/
MediaMart,phone,Oppo A6C Cph2895 128GB,Điện thoại di động OPPO A6c 4GB+128GB CPH2895 Tím,5390000,,https://mediamart.vn/smartphones#30042
MediaMart,phone,Oppo A6C Cph2895 Nâu 128GB,Điện thoại di động OPPO A6c 4GB+128GB CPH2895 Nâu,5390000,,https://mediamart.vn/smartphones#30043
MediaMart,phone,Oppo A6C Cph2895 Nâu 5 390 000 6 690 000 19 128GB,OPPO A6c 4GB+128GB CPH2895 Nâu 4 GB 128 GB 5.390.000 ₫ 6.690.000 ₫ -19%,5390000,6690000,https://mediamart.vn/smartphones/dien-thoai-di-dong-oppo-a6c-4gb-128gb-cph2895-nau
MediaMart,phone,Oppo A6C Cph2895 Tím 5 390 000 6 690 000 19 128GB,OPPO A6c 4GB+128GB CPH2895 Tím 4 GB 128 GB 5.390.000 ₫ 6.690.000 ₫ -19%,5390000,6690000,https://mediamart.vn/smartphones/dien-thoai-di-dong-oppo-a6c-4gb-128gb-cph2895-tim
MediaMart,phone,Oppo A6C Cph2895 Tím DM 128GB,Điện thoại di động OPPO A6c 4GB+128GB CPH2895 Tím DM,5390000,,https://mediamart.vn/smartphones#30194
MediaMart,phone,Oppo A6C Cph2895 Tím DM 5 390 000 6 690 000 19 128GB,Điện thoại di động OPPO A6c 4GB+128GB CPH2895 Tím DM 4 GB 128 GB 5.390.000 ₫ 6.690.000 ₫ -19%,5390000,6690000,https://mediamart.vn/smartphones/dien-thoai-di-dong-oppo-a6c-4gb-128gb-cph2895-tim-dm
Clickbuy,phone,Oppo Find X9 512GB,Oppo Find X9 (5G) 16GB 512GB - 1 Đổi 1 12 Tháng,23790000,26990000,https://clickbuy.com.vn/oppo-find-x9-5g-16gb-512gb.html
Clickbuy,phone,Oppo Find X9S 256GB,Oppo Find X9s 12GB 256GB - 1 Đổi 1 12 Tháng,20290000,24990000,https://clickbuy.com.vn/oppo-find-x9s.html
Minh Tuấn Mobile,phone,Oppo Find X9S 256GB,OPPO Find X9s 12GB 256GB,21990000,24990000,https://minhtuanmobile.com/oppo-find-x9s/
Minh Tuấn Mobile,phone,Oppo Reno16 F 256GB,OPPO Reno16 F 5G 8GB 256GB,13990000,15990000,https://minhtuanmobile.com/oppo-reno16-f/
Clickbuy,phone,Oppo Reno16 F 256GB,Oppo Reno16 F (5G) 8GB 256GB - 1 Đổi 1 12 Tháng,14490000,15990000,https://clickbuy.com.vn/oppo-reno16-f.html
Minh Tuấn Mobile,phone,Realme C100 128GB,Điện thoại realme C100 4G 6GB 128GB,5590000,7690000,https://minhtuanmobile.com/realme-c100-4g-6gb-128gb/
Minh Tuấn Mobile,phone,Realme C85 128GB,Điện thoại realme C85 5G 8GB 128GB,5590000,8090000,https://minhtuanmobile.com/realme-c85-5g-8gb-128gb/
Minh Tuấn Mobile,phone,Samsung Galaxy A07 128GB,Samsung Galaxy A07 4GB 128GB,3790000,4190000,https://minhtuanmobile.com/samsung-galaxy-a07-4gb-128gb/
Minh Tuấn Mobile,phone,Samsung Galaxy A07 128GB,Samsung Galaxy A07 5G 4GB 128GB,4890000,5090000,https://minhtuanmobile.com/samsung-galaxy-a07-5g-4gb-128gb/
MediaMart,phone,Samsung Galaxy A07 A075F,Samsung Galaxy A07 4G A075F (4+128G) Đen,3490000,,https://mediamart.vn/smartphones#28154
MediaMart,phone,Samsung Galaxy A07 A075F,Samsung Galaxy A07 4G A075F (4+128G) Xanh,3490000,,https://mediamart.vn/smartphones#28153
MediaMart,phone,Samsung Galaxy A07 A075F,Samsung Galaxy A07 4G A075F (4+128G) Tím,3490000,,https://mediamart.vn/smartphones#28152
MediaMart,phone,Samsung Galaxy A07 A075F,Samsung Galaxy A07 4G A075F (8+256G) Đen,4690000,,https://mediamart.vn/smartphones#28779
MediaMart,phone,Samsung Galaxy A07 A075F,Samsung Galaxy A07 4G A075F (8+256G) Xanh,4690000,,https://mediamart.vn/smartphones#28778
MediaMart,phone,Samsung Galaxy A07 A075F,Samsung Galaxy A07 4G A075F (8+256G) Tím,4690000,,https://mediamart.vn/smartphones#28777
MediaMart,phone,Samsung Galaxy A07 A075F Tím 3 490 000 4 390 000 20 128GB,Samsung Galaxy A07 4G A075F (4+128G) Tím 4 GB 128 GB 3.490.000 ₫ 4.390.000 ₫ -20%,3490000,4390000,https://mediamart.vn/smartphones/samsung-galaxy-a07-4g-a075f-4-128g-tim
MediaMart,phone,Samsung Galaxy A07 A075F Tím 4 690 000 4 790 000 2 256GB,Samsung Galaxy A07 4G A075F (8+256G) Tím 8 GB 256 GB 4.690.000 ₫ 4.790.000 ₫ -2%,4690000,4790000,https://mediamart.vn/smartphones/samsung-galaxy-a07-4g-a075f-8-256g-tim
MediaMart,phone,Samsung Galaxy A07 A075F Tím DM,Samsung Galaxy A07 4G A075F (4+128G) Tím DM,2790000,,https://mediamart.vn/smartphones#28151
MediaMart,phone,Samsung Galaxy A07 A075F Tím DM 2 790 000 4 390 000 36 128GB,Samsung Galaxy A07 4G A075F (4+128G) Tím DM 4 GB 128 GB 2.790.000 ₫ 4.390.000 ₫ -36%,2790000,4390000,https://mediamart.vn/smartphones/samsung-galaxy-a07-4g-a075f-4-128g-tim-dm
MediaMart,phone,Samsung Galaxy A07 A075F Xanh 3 490 000 4 390 000 20 128GB,Samsung Galaxy A07 4G A075F (4+128G) Xanh 4 GB 128 GB 3.490.000 ₫ 4.390.000 ₫ -20%,3490000,4390000,https://mediamart.vn/smartphones/samsung-galaxy-a07-4g-a075f-4-128g-xanh
MediaMart,phone,Samsung Galaxy A07 A075F Xanh 4 690 000 4 790 000 2 256GB,Samsung Galaxy A07 4G A075F (8+256G) Xanh 8 GB 256 GB 4.690.000 ₫ 4.790.000 ₫ -2%,4690000,4790000,https://mediamart.vn/smartphones/samsung-galaxy-a07-4g-a075f-8-256g-xanh
MediaMart,phone,Samsung Galaxy A07 A075F Đen 3 490 000 4 390 000 20 128GB,Samsung Galaxy A07 4G A075F (4+128G) Đen 4 GB 128 GB 3.490.000 ₫ 4.390.000 ₫ -20%,3490000,4390000,https://mediamart.vn/smartphones/samsung-galaxy-a07-4g-a075f-4-128g-den
MediaMart,phone,Samsung Galaxy A07 A075F Đen 4 690 000 4 790 000 2 256GB,Samsung Galaxy A07 4G A075F (8+256G) Đen 8 GB 256 GB 4.690.000 ₫ 4.790.000 ₫ -2%,4690000,4790000,https://mediamart.vn/smartphones/samsung-galaxy-a07-4g-a075f-8-256g-den
Minh Tuấn Mobile,phone,Samsung Galaxy A08 64GB,Samsung Galaxy A08 4GB 64GB,4590000,4790000,https://minhtuanmobile.com/samsung-galaxy-a08-4gb-64gb/
MediaMart,phone,Samsung Galaxy A08 A085F,Samsung Galaxy A08 4G A085F (4+64G) Bạc,4790000,,https://mediamart.vn/smartphones#30306
MediaMart,phone,Samsung Galaxy A08 A085F Bạc 4 790 000 5 290 000 9 64GB,Samsung Galaxy A08 4G A085F (4+64G) Bạc 4 GB 64 GB 4.790.000 ₫ 5.290.000 ₫ -9%,4790000,5290000,https://mediamart.vn/smartphones/samsung-galaxy-a08-4g-a085f-4-64g-bac
MediaMart,phone,Samsung Galaxy A08 A085F Bạc DM,Samsung Galaxy A08 4G A085F (4+64G) Bạc DM,4790000,,https://mediamart.vn/smartphones#30341
MediaMart,phone,Samsung Galaxy A08 A085F Bạc DM 4 790 000 5 290 000 9 64GB,Samsung Galaxy A08 4G A085F (4+64G) Bạc DM 4 GB 64 GB 4.790.000 ₫ 5.290.000 ₫ -9%,4790000,5290000,https://mediamart.vn/smartphones/samsung-galaxy-a08-4g-a085f-4-64g-bac-dm
MediaMart,phone,Samsung Galaxy A08 A085F Xanh Dương,Samsung Galaxy A08 4G A085F (4+64G) Xanh dương,4790000,,https://mediamart.vn/smartphones#30304
MediaMart,phone,Samsung Galaxy A08 A085F Xanh Dương 4 790 000 5 290 000 9 64GB,Samsung Galaxy A08 4G A085F (4+64G) Xanh dương 4 GB 64 GB 4.790.000 ₫ 5.290.000 ₫ -9%,4790000,5290000,https://mediamart.vn/smartphones/samsung-galaxy-a08-4g-a085f-4-64g-xanh-duong
MediaMart,phone,Samsung Galaxy A08 A085F Xanh LÁ,Samsung Galaxy A08 4G A085F (4+64G) Xanh lá,4790000,,https://mediamart.vn/smartphones#30305
MediaMart,phone,Samsung Galaxy A08 A085F Xanh LÁ 4 790 000 5 290 000 9 64GB,Samsung Galaxy A08 4G A085F (4+64G) Xanh lá 4 GB 64 GB 4.790.000 ₫ 5.290.000 ₫ -9%,4790000,5290000,https://mediamart.vn/smartphones/samsung-galaxy-a08-4g-a085f-4-64g-xanh-la
MediaMart,phone,Samsung Galaxy A16 A165F,Điện thoại Samsung Galaxy A16 4G A165F (4+128G) Xanh (DM),2390000,,https://mediamart.vn/smartphones#26916
MediaMart,phone,Samsung Galaxy A16 A165F,Điện thoại Samsung Galaxy A16 4G A165F (4+128G) Xám,3390000,,https://mediamart.vn/smartphones#26913
MediaMart,phone,Samsung Galaxy A16 A165F,Điện thoại Samsung Galaxy A16 4G A165F (4+128G) Đen,3390000,,https://mediamart.vn/smartphones#26915
MediaMart,phone,Samsung Galaxy A16 A165F,Điện thoại Samsung Galaxy A16 4G A165F (4+128G) Xanh,3390000,,https://mediamart.vn/smartphones#26914
MediaMart,phone,Samsung Galaxy A16 A165F Xanh Nfc 2 390 000 5 390 000 50 128GB,Điện thoại Samsung Galaxy A16 4G A165F (4+128G) Xanh (DM) 4 GB NFC 128 GB 2.390.000 ₫ 5.390.000 ₫ -50%,2390000,5390000,https://mediamart.vn/smartphones/dien-thoai-samsung-galaxy-a16-4g-a165f-4-128g-xanh-dm
MediaMart,phone,Samsung Galaxy A16 A165F Xám Nfc 3 390 000 5 390 000 37 128GB,Điện thoại Samsung Galaxy A16 4G A165F (4+128G) Xám 4 GB NFC 128 GB 3.390.000 ₫ 5.390.000 ₫ -37%,3390000,5390000,https://mediamart.vn/smartphones/dien-thoai-samsung-galaxy-a16-4g-a165f-4-128g-xam
MediaMart,phone,Samsung Galaxy A16 A165F Đen Nfc 3 390 000 5 390 000 37 128GB,Điện thoại Samsung Galaxy A16 4G A165F (4+128G) Đen 4 GB NFC 128 GB 3.390.000 ₫ 5.390.000 ₫ -37%,3390000,5390000,https://mediamart.vn/smartphones/dien-thoai-samsung-galaxy-a16-4g-a165f-4-128g-den
MediaMart,phone,Samsung Galaxy A16 Nfc 3 390 000 5 390 000 37 128GB,Samsung Galaxy A16 4G (4+128G) 4 GB NFC 128 GB 3.390.000 ₫ 5.390.000 ₫ -37%,3390000,5390000,https://mediamart.vn/smartphones/dien-thoai-samsung-galaxy-a16-4g-a165f-4-128g-xanh
Minh Tuấn Mobile,phone,Samsung Galaxy A17 128GB,Samsung Galaxy A17 5G 8GB 128GB,6390000,7090000,https://minhtuanmobile.com/samsung-galaxy-a17-5g-8gb-128gb/
MediaMart,phone,Samsung Galaxy A17 A175F,Samsung Galaxy A17 4G A175F (8+128G) Đen,5090000,,https://mediamart.vn/smartphones#28149
MediaMart,phone,Samsung Galaxy A17 A175F Xanh DM,Samsung Galaxy A17 4G A175F (8+128G) Xanh DM,5090000,,https://mediamart.vn/smartphones#28146
MediaMart,phone,Samsung Galaxy A17 A175F Xanh DM Nfc 5 090 000 6 390 000 20 128GB,Samsung Galaxy A17 4G A175F (8+128G) Xanh DM 8 GB NFC 128 GB 5.090.000 ₫ 6.390.000 ₫ -20%,5090000,6390000,https://mediamart.vn/samsung-galaxy-a17-4g-a175f-8-128g-xanh-dm
MediaMart,phone,Samsung Galaxy A17 A175F Đen Nfc 5 090 000 6 390 000 20 128GB,Samsung Galaxy A17 4G A175F (8+128G) Đen 8 GB NFC 128 GB 5.090.000 ₫ 6.390.000 ₫ -20%,5090000,6390000,https://mediamart.vn/samsung-galaxy-a17-4g-a175f-8-128g-den
Minh Tuấn Mobile,phone,Samsung Galaxy A27 128GB,Samsung Galaxy A27 5G 6GB 128GB,7990000,8490000,https://minhtuanmobile.com/samsung-galaxy-a27-5g-6gb-128gb/
Clickbuy,phone,Samsung Galaxy A37 128GB,Samsung Galaxy A37 (5G) 8GB 128GB - 1 Đổi 1 12 Tháng,9050000,10790000,https://clickbuy.com.vn/samsung-galaxy-a37-5g.html
Minh Tuấn Mobile,phone,Samsung Galaxy A37 128GB,Samsung Galaxy A37 5G 8GB 128GB,9990000,10790000,https://minhtuanmobile.com/samsung-galaxy-a37-5g-8gb-128gb/
Clickbuy,phone,Samsung Galaxy A56 128GB,Samsung Galaxy A56 (5G) 8GB 128GB - 1 Đổi 1 12 Tháng,8790000,9810000,https://clickbuy.com.vn/samsung-galaxy-a56-5g-chinh-hang.html
Clickbuy,phone,Samsung Galaxy A57 128GB,Samsung Galaxy A57 (5G) 8GB 128GB - 1 Đổi 1 12 Tháng,10290000,12490000,https://clickbuy.com.vn/samsung-galaxy-a57-5g.html
Minh Tuấn Mobile,phone,Samsung Galaxy A57 128GB,Samsung Galaxy A57 5G 8GB 128GB,11290000,12490000,https://minhtuanmobile.com/samsung-galaxy-a57-5g-8gb-128gb/
Clickbuy,phone,Samsung Galaxy S25 FE 128GB,Samsung Galaxy S25 FE (5G) 8GB 128GB - 1 Đổi 1 12 Tháng,13090000,16690000,https://clickbuy.com.vn/samsung-galaxy-s25-fe.html
Clickbuy,phone,Samsung Galaxy S25 Ultra 256GB,Samsung Galaxy S25 Ultra (5G) 12GB 256GB - 1 đổi 1 12 tháng,24790000,33380000,https://clickbuy.com.vn/samsung-galaxy-s25-ultra.html
Hoàng Hà Mobile,phone,Samsung Galaxy S25 Ultra 256GB,Samsung Galaxy S25 Ultra - 12GB/256GB,25678000,33990000,https://hoanghamobile.com/dien-thoai/samsung-galaxy-s25-ultra
Clickbuy,phone,Samsung Galaxy S26 256GB,Samsung Galaxy S26 (5G) 12GB 256GB - 1 đổi 1 12 tháng,20090000,25990000,https://clickbuy.com.vn/samsung-galaxy-s26.html
Clickbuy,phone,Samsung Galaxy S26 FE 128GB,Samsung Galaxy S26 FE 8GB 128GB - 1 Đổi 1 12 Tháng,15990000,20990000,https://clickbuy.com.vn/samsung-galaxy-s26-fe.html
Minh Tuấn Mobile,phone,Samsung Galaxy S26 Plus 256GB,Samsung Galaxy S26 Plus 12GB 256GB,24990000,29990000,https://minhtuanmobile.com/samsung-galaxy-s26-plus/
24hStore,phone,Samsung Galaxy S26 Ultra 1TB,Samsung Galaxy S26 Ultra 1TB Chính Hãng,39090000,51990000,https://24hstore.vn/galaxy-s26-series/samsung-galaxy-s26-ultra-1tb-p12094
Clickbuy,phone,Samsung Galaxy S26 Ultra 256GB,Samsung Galaxy S26 Ultra (5G) 12GB 256GB - 1 đổi 1 12 tháng,29790000,36990000,https://clickbuy.com.vn/samsung-galaxy-s26-ultra.html
Minh Tuấn Mobile,phone,Samsung Galaxy S26 Ultra 256GB,Samsung Galaxy S26 Ultra 12GB 256GB,31490000,36990000,https://minhtuanmobile.com/samsung-galaxy-s26-ultra/
Minh Tuấn Mobile,tablet,Samsung Galaxy Tab A11 64GB,Samsung Galaxy Tab A11 Wifi 4GB 64GB,3690000,4390000,https://minhtuanmobile.com/samsung-galaxy-tab-a11-wifi-4gb-64gb/
CellphoneS,tablet,Samsung Galaxy Tab A11 64GB,Samsung Galaxy Tab A11 Wifi 4GB 64GB,3790000,4390000,https://cellphones.com.vn/may-tinh-bang-samsung-galaxy-tab-a11-wifi.html
Minh Tuấn Mobile,tablet,Samsung Galaxy Tab A11 64GB,Samsung Galaxy Tab A11 LTE 4GB 64GB,4690000,5490000,https://minhtuanmobile.com/samsung-galaxy-tab-a11-lte-4gb-64gb/
Minh Tuấn Mobile,tablet,Samsung Galaxy Tab A11 Plus 128GB,Samsung Galaxy Tab A11 Plus 5G 6GB 128GB,7890000,8890000,https://minhtuanmobile.com/samsung-galaxy-tab-a11-plus-5g-6gb-128gb/
Minh Tuấn Mobile,tablet,Samsung Galaxy Tab A11 Plus 256GB,Samsung Galaxy Tab A11 Plus Wifi 8GB 256GB,8290000,9390000,https://minhtuanmobile.com/samsung-galaxy-tab-a11-plus-wifi-8gb-256gb/
MediaMart,tablet,Samsung Galaxy Tab A11 X133N,Samsung Galaxy Tab A11 Wifi (4GB+64G) X133N Xám,3690000,,https://mediamart.vn/may-tinh-bang#28600
MediaMart,tablet,Samsung Galaxy Tab A11 X133N Xám 3 690 000 4 890 000 24 64GB,Samsung Galaxy Tab A11 Wifi (4GB+64G) X133N Xám 64 GB 4 GB 3.690.000 ₫ 4.890.000 ₫ -24%,3690000,4890000,https://mediamart.vn/may-tinh-bang/samsung-galaxy-tab-a11-wifi-4gb-64g-x133n-xam
MediaMart,tablet,Samsung Galaxy Tab A11 X135G,Samsung Galaxy Tab A11 4G (4GB+64G) X135G Xám,4990000,,https://mediamart.vn/may-tinh-bang#28603
MediaMart,tablet,Samsung Galaxy Tab A11 X135G Xám 4 990 000 5 990 000 16 64GB,Samsung Galaxy Tab A11 4G (4GB+64G) X135G Xám 64 GB 4 GB 4.990.000 ₫ 5.990.000 ₫ -16%,4990000,5990000,https://mediamart.vn/may-tinh-bang/samsung-galaxy-tab-a11-4g-4gb-64g-x135g-xam
CellphoneS,tablet,Samsung Galaxy Tab S10 FE 128GB,Samsung Galaxy Tab S10 FE Wifi 8GB 128GB,11290000,13690000,https://cellphones.com.vn/may-tinh-bang-samsung-galaxy-tab-s10-fe-wifi.html
Minh Tuấn Mobile,tablet,Samsung Galaxy Tab S10 FE 128GB,Samsung Galaxy Tab S10 FE Wifi 8GB 128GB,11290000,13690000,https://minhtuanmobile.com/samsung-galaxy-tab-s10-fe-wifi-8gb-128gb/
CellphoneS,tablet,Samsung Galaxy Tab S10 FE 256GB,Samsung Galaxy Tab S10 FE Wifi 12GB 256GB,13490000,16690000,https://cellphones.com.vn/may-tinh-bang-samsung-galaxy-tab-s10-fe-wifi-12gb-256gb.html
CellphoneS,tablet,Samsung Galaxy Tab S10 Lite 128GB,Samsung Galaxy Tab S10 Lite Wifi 6GB 128GB,8990000,9990000,https://cellphones.com.vn/may-tinh-bang-samsung-galaxy-tab-s10-lite-wifi.html
Di Động Thông Minh,tablet,Samsung Galaxy Tab S9 FE 128GB,Samsung Galaxy Tab S9 FE WIFI 6GB/128GB Chính hãng,7590000,8190000,https://didongthongminh.vn/samsung-galaxy-tab-s9-fe-wifi-6gb-128gb-chinh-hang
Hoàng Hà Mobile,phone,Samsung Galaxy Z Fold7 256GB,Samsung Galaxy Z Fold7 5G 12GB/256GB,38028000,46990000,https://hoanghamobile.com/dien-thoai/samsung-galaxy-z-fold7
24hStore,phone,Samsung Galaxy Z Fold7 Chính 256GB,Samsung Galaxy Z Fold7 5G 12GB/256GB Chính...,37290000,46990000,https://24hstore.vn/galaxy-z7-series/samsung-galaxy-z-fold7-5g-256gb-p11526
24hStore,phone,Samsung Galaxy Z Fold7 Chính 512GB,Samsung Galaxy Z Fold7 5G 12GB/512GB Chính...,40090000,50990000,https://24hstore.vn/galaxy-z7-series/samsung-galaxy-z-fold7-5g-512gb-p11527
24hStore,phone,Samsung Galaxy Z Fold8 Chính 256GB,Samsung Galaxy Z Fold8 5G 12GB/256GB Chính...,38390000,46990000,https://24hstore.vn/galaxy-z8-series/samsung-galaxy-z-fold8-5g-12gb-256gb-p12534
24hStore,phone,Samsung Galaxy Z Fold8 Chính 512GB,Samsung Galaxy Z Fold8 5G 12GB/512GB Chính...,44490000,52990000,https://24hstore.vn/galaxy-z8-series/samsung-galaxy-z-fold8-5g-12gb-512gb-p12535
24hStore,phone,Samsung Galaxy Z Fold8 Ultra 256GB,Samsung Galaxy Z Fold8 Ultra 5G 12GB/256GB...,44390000,52990000,https://24hstore.vn/galaxy-z8-series/samsung-galaxy-z-fold8-ultra-5g-12gb-256gb-p12536
24hStore,phone,Samsung Galaxy Z Fold8 Ultra 512GB,Samsung Galaxy Z Fold8 Ultra 5G 12GB/512GB...,49490000,58990000,https://24hstore.vn/galaxy-z8-series/samsung-galaxy-z-fold8-ultra-5g-12gb-512gb-p12537
24hStore,phone,Tpbank Evo Giảm Đến 500 000đ,TPBank EVO giảm đến 500.000đ,500000,,https://24hstore.vn/khuyen-mai/tra-gop-0-lai-suat-tpbank-evo-n9666
24hStore,phone,Tặng Voucher 4 999 000đ,Tặng Voucher 4.999.000đ,4999000,,https://tangqua.24hstore.vn/
24hStore,phone,Vib Giảm Đến 1 500 000đ,VIB giảm đến 1.500.000đ,1500000,,https://24hstore.vn/khuyen-mai/mo-the-vib-nhan-voucher-24hstore-n6149
24hStore,phone,Vpbank Hoàn Đến 800 000đ,VPBank hoàn đến 800.000đ,800000,,https://24hstore.vn/khuyen-mai/dac-quyen-mo-the-tin-dung-vpbank-tai-24hstore-n8946
Di Động Thông Minh,tablet,Xiaomi Pad 6 Màn Hình 11 2 8K 128GB,"Xiaomi Pad 6 6GB/128GB Màn hình 11"" 2.8K",6390000,9990000,https://didongthongminh.vn/xiaomi-pad-6-6gb-128gb
Di Động Thông Minh,tablet,Xiaomi Pad 6 Pro 256GB,Xiaomi Pad 6 Pro 8GB/256GB,8690000,11990000,https://didongthongminh.vn/xiaomi-pad-6-pro-8gb
Di Động Thông Minh,tablet,Xiaomi Pad 6 Pro 256GB,Xiaomi Pad 6 Pro 12GB/256GB,9890000,12990000,https://didongthongminh.vn/xiaomi-pad-6-pro-12gb
Di Động Thông Minh,tablet,Xiaomi Pad 6 Pro Giá RẺ 128GB,Xiaomi Pad 6 Pro 8GB/128GB giá rẻ,7690000,10990000,https://didongthongminh.vn/xiaomi-pad-6-pro
CellphoneS,tablet,Xiaomi Poco Pad X1 512GB,Xiaomi Poco Pad X1 8GB 512GB,9990000,11290000,https://cellphones.com.vn/may-tinh-bang-xiaomi-poco-pad-x1.html
Minh Tuấn Mobile,phone,Xiaomi Redmi 15 128GB,Điện thoại Xiaomi Redmi 15 5G 4GB 128GB,4490000,5690000,https://minhtuanmobile.com/xiaomi-redmi-15-5g-4gb-128gb/
Minh Tuấn Mobile,phone,Xiaomi Redmi Note 15 128GB,Điện thoại Xiaomi Redmi Note 15 6GB 128GB,4990000,5990000,https://minhtuanmobile.com/xiaomi-redmi-note-15-6gb-128gb/
Clickbuy,phone,Xiaomi Redmi Note 15 128GB,Xiaomi Redmi Note 15 (4G) 6GB 128GB - 1 Đổi 1 12 Tháng,4990000,5990000,https://clickbuy.com.vn/xiaomi-redmi-note-15-4g.html
Clickbuy,phone,Xiaomi Redmi Note 15 128GB,Xiaomi Redmi Note 15 (5G) 6GB 128GB - 1 Đổi 1 12 Tháng,5990000,7490000,https://clickbuy.com.vn/xiaomi-redmi-note-15-5g.html
Minh Tuấn Mobile,phone,Xiaomi Redmi Note 15 Pro 256GB,Điện thoại Xiaomi Redmi Note 15 Pro 12GB 256GB,7990000,10090000,https://minhtuanmobile.com/xiaomi-redmi-note-15-pro-12gb-256gb/
Minh Tuấn Mobile,phone,Xiaomi Redmi Note 17 Pro 256GB,Điện thoại Xiaomi Redmi Note 17 Pro 5G 6GB 256GB,8790000,11490000,https://minhtuanmobile.com/dien-thoai-xiaomi-redmi-note-17-pro-5g-6gb-256gb/
CellphoneS,tablet,Xiaomi Redmi Pad 2 9 7 64GB,Xiaomi Redmi Pad 2 9.7 inch Wifi 4GB 64GB,3000000,4990000,https://cellphones.com.vn/may-tinh-bang-xiaomi-redmi-pad-2-9-7-inch.html
MediaMart,phone,Zte A35 64GB,Điện thoại di động ZTE A35 (4GB + 64GB) Xanh,1690000,,https://mediamart.vn/smartphones#26894
MediaMart,phone,Zte A35 Xanh 1 690 000 1 990 000 15 64GB,Điện thoại di động ZTE A35 (4GB + 64GB) Xanh 1.690.000 ₫ 1.990.000 ₫ -15%,1690000,1990000,https://mediamart.vn/smartphones/dien-thoai-di-dong-zte-a35-4gb-64gb-xanh
MediaMart,phone,Zte Nubia A36 64GB,Điện thoại di động Nubia A36 (4+64GB) Xanh,1790000,,https://mediamart.vn/smartphones#27923
MediaMart,phone,Zte Nubia A36 64GB,Điện thoại di động Nubia A36 (4+64GB) Vàng,1890000,,https://mediamart.vn/smartphones#27922
MediaMart,phone,Zte Nubia A36 Vàng 1 890 000 2 190 000 13 64GB,Điện thoại di động Nubia A36 (4+64GB) Vàng 4 GB 64 GB 1.890.000 ₫ 2.190.000 ₫ -13%,1890000,2190000,https://mediamart.vn/smartphones/dien-thoai-di-dong-nubia-a36-4-64gb-vang
MediaMart,phone,Zte Nubia A36 Xanh 1 790 000 2 190 000 18 64GB,Điện thoại di động Nubia A36 (4+64GB) Xanh 4 GB 64 GB 1.790.000 ₫ 2.190.000 ₫ -18%,1790000,2190000,https://mediamart.vn/smartphones/dien-thoai-di-dong-nubia-a36-4-64gb-xanh
MediaMart,phone,Zte Nubia A56 128GB,Điện thoại di động Nubia A56 (4+128GB) Vàng,2190000,,https://mediamart.vn/smartphones#27920
MediaMart,phone,Zte Nubia A56 128GB,Điện thoại di động Nubia A56 (4+128GB) Đen,2190000,,https://mediamart.vn/smartphones#27919
MediaMart,phone,Zte Nubia A56 Vàng 2 190 000 2 490 000 12 128GB,Nubia A56 (4+128GB) Vàng 4 GB 128 GB 2.190.000 ₫ 2.490.000 ₫ -12%,2190000,2490000,https://mediamart.vn/smartphones/dien-thoai-di-dong-nubia-a56-4-128gb-vang
MediaMart,phone,Zte Nubia A56 Đen 2 190 000 2 490 000 12 128GB,Nubia A56 (4+128GB) Đen 4 GB 128 GB 2.190.000 ₫ 2.490.000 ₫ -12%,2190000,2490000,https://mediamart.vn/smartphones/dien-thoai-di-dong-nubia-a56-4-128gb-den
MediaMart,phone,Zte Nubia V80 Design 128GB,Điện thoại di động Nubia V80 Design (4+128GB) Hồng,3690000,,https://mediamart.vn/smartphones#30301
MediaMart,phone,Zte Nubia V80 Design 128GB,Điện thoại di động Nubia V80 Design (4+128GB) Xanh,3690000,,https://mediamart.vn/smartphones#30300
MediaMart,phone,Zte Nubia V80 Design 128GB,Điện thoại di động Nubia V80 Design (4+128GB) Vàng,3690000,,https://mediamart.vn/smartphones#30299
MediaMart,phone,Zte Nubia V80 Design 128GB,Điện thoại di động Nubia V80 Design (4+128GB) Đen,3690000,,https://mediamart.vn/smartphones#30298
MediaMart,phone,Zte Nubia V80 Design Hồng 3 690 000 4 190 000 11 128GB,Điện thoại di động Nubia V80 Design (4+128GB) Hồng 4 GB 128 GB 3.690.000 ₫ 4.190.000 ₫ -11%,3690000,4190000,https://mediamart.vn/smartphones/dien-thoai-di-dong-nubia-v80-design-4-128gb-hong
MediaMart,phone,Zte Nubia V80 Design Vàng 3 690 000 4 190 000 11 128GB,Điện thoại di động Nubia V80 Design (4+128GB) Vàng 4 GB 128 GB 3.690.000 ₫ 4.190.000 ₫ -11%,3690000,4190000,https://mediamart.vn/smartphones/dien-thoai-di-dong-nubia-v80-design-4-128gb-vang
MediaMart,phone,Zte Nubia V80 Design Xanh 3 690 000 4 190 000 11 128GB,Điện thoại di động Nubia V80 Design (4+128GB) Xanh 4 GB 128 GB 3.690.000 ₫ 4.190.000 ₫ -11%,3690000,4190000,https://mediamart.vn/smartphones/dien-thoai-di-dong-nubia-v80-design-4-128gb-xanh
MediaMart,phone,Zte Nubia V80 Design Đen 3 690 000 4 190 000 11 128GB,Điện thoại di động Nubia V80 Design (4+128GB) Đen 4 GB 128 GB 3.690.000 ₫ 4.190.000 ₫ -11%,3690000,4190000,https://mediamart.vn/smartphones/dien-thoai-di-dong-nubia-v80-design-4-128gb-den
MediaMart,phone,Zte Nubia V80 Max 128GB,Điện thoại di động Nubia V80 Max (6+128GB) Bạc,3690000,,https://mediamart.vn/smartphones#30303
MediaMart,phone,Zte Nubia V80 Max 128GB,Điện thoại di động Nubia V80 Max (6+128GB) Đen,3690000,,https://mediamart.vn/smartphones#30302
MediaMart,phone,Zte Nubia V80 Max Bạc 3 690 000 4 390 000 15 128GB,Điện thoại di động Nubia V80 Max (6+128GB) Bạc 6 GB 128 GB 3.690.000 ₫ 4.390.000 ₫ -15%,3690000,4390000,https://mediamart.vn/smartphones/dien-thoai-di-dong-nubia-v80-max-6-128gb-bac
MediaMart,phone,Zte Nubia V80 Max Đen 3 690 000 4 390 000 15 128GB,Điện thoại di động Nubia V80 Max (6+128GB) Đen 6 GB 128 GB 3.690.000 ₫ 4.390.000 ₫ -15%,3690000,4390000,https://mediamart.vn/smartphones/dien-thoai-di-dong-nubia-v80-max-6-128gb-den
